player_name,player_name_combined
A.T. Perry,
All Other QBs,
Allen Robinson II,Allen Robinson
Andrei Iosivas,
Anthony Richardson,
Bijan Robinson,
Brian Robinson Jr.,Brian Robinson
Bryce Young,
C.J. Stroud,
Calvin Austin III,Calvin Austin
Camerun Peoples,
Cedric Tillman,
Chase Brown,
Dalton Kincaid,
Darnell Washington,
Deuce Vaughn,
Devon Achane,
DeWayne McBride,
DJ Chark Jr.,D.J. Chark
DJ Moore,D.J. Moore
Dontayvion Wicks,
Eric Gray,
Evan Hull,
Gabe Davis,Gabriel Davis
Hendon Hooker,
Israel Abanikanda,
Jahmyr Gibbs,
Jalin Hyatt,
Jaxon Smith-Njigba,
Jayden Reed,
Jeff Wilson Jr.,Jeffery Wilson
John Metchie III,John Metchie
Jonathan Mingo,
Jordan Addison,
Josh Downs,
Joshua Palmer,Josh Palmer
Kayshon Boutte,
Kendre Miller,
Kenneth Walker III,Kenneth Walker
Kenny McIntosh,
Laviska Shenault Jr.,Laviska Shenault
Luke Musgrave,
Marvin Mims,
Michael Mayer,
Michael Pittman Jr.,Michael Pittman
Michael Wilson,
Nathaniel Dell,
Odell Beckham Jr.,Odell Beckham
Patrick Mahomes II,Patrick Mahomes
Puka Nacua,
Quentin Johnston,
Rakim Jarrett,
Rashee Rice,
Roschon Johnson,
Sam Laporta,
Sean Tucker,
Tank Bigsby,
Terrace Marshall Jr.,Terrace Marshall
Travis Etienne Jr.,Travis Etienne
Trey Palmer,
Tucker Kraft,
Tyjae Spears,
Velus Jones Jr.,Velus Jones
Will Levis,
Xavier Hutchinson,
Zach Charbonnet,
Zach Evans,
Zay Flowers,