Player,player_id
A.J. Brown,1
A.J. Derby,2
A.J. Feeley,3
A.J. Green,4
A.J. Jenkins,5
A.J. McCarron,6
Aaron Brooks,7
Aaron Brown,8
Aaron Burbridge,9
Aaron Dobson,10
Aaron Green,11
Aaron Halterman,12
Aaron Hernandez,13
Aaron Jones,14
Aaron Moorehead,15
Aaron Ripkowski,16
Aaron Rodgers,17
Aaron Shea,18
Aaron Stecker,19
Aaron Walker,20
Ace Sanders,21
Adam Bergen,22
Adam Humphries,23
Adam Jennings,24
Adam Prentice,25
Adam Shaheen,26
Adam Thielen,27
Adam Trautman,28
Adimchinobe Echemandu,29
Adrian Arrington,30
Adrian Killins,31
Adrian Madise,32
Adrian Murrell,33
Adrian Peterson,34
Adrien Robinson,35
Ahmad Bradshaw,36
Ahmad Merritt,37
Ahman Green,38
Ahmard Hall,39
Airese Currie,40
AJ Dillon,41
Akeem Hunt,42
Akili Smith,43
Alan Cross,44
Alan Ricard,45
Albert Connell,46
Albert Johnson,47
Albert Okwuegbunam,48
Albert Wilson,49
Albert Young,50
Aldrick Robinson,51
Alec Ingold,52
Alex Armah,53
Alex Bachman,54
Alex Bannister,55
Alex Bayer,56
Alex Collins,57
Alex Ellis,58
Alex Erickson,59
Alex Green,60
Alex Haynes,61
Alex Holmes,62
Alex Smith,63
Alex Tanney,64
Alex Van Dyke,65
Alex Van Pelt,66
Alexander Hollins,67
Alexander Mattison,68
Alfonso Smith,69
Alfred Blue,70
Alfred Morris,71
Alfred Pupunu,72
Alge Crumpler,73
Allen Bradford,74
Allen Hurns,75
Allen Lazard,76
Allen Reisner,77
Allen Robinson,78
Alonzo Coleman,79
Alonzo Harris,80
Alonzo Mayes,81
Alonzo Russell,82
Alshon Jeffery,83
Alvin Kamara,84
Alvin Pearman,85
Alvis Whitted,86
Amani Toomer,87
Amara Darboh,88
Amari Cooper,89
Amari Rodgers,90
Ameer Abdullah,91
Amon-Ra St. Brown,92
Amos Zereoue,93
Amp Lee,94
Andrae Thurman,95
Andre Brown,96
Andre Caldwell,97
Andre Coleman,98
Andre Ellington,99
Andre Hall,100
Andre Hastings,101
Andre Holmes,102
Andre Johnson,103
Andre King,104
Andre Patton,105
Andre Reed,106
Andre Rison,107
Andre Roberts,108
Andre Williams,109
Andre' Anderson,110
Andre' Davis,111
Andrew Beck,112
Andrew Glover,113
Andrew Hawkins,114
Andrew Jordan,115
Andrew Luck,116
Andrew Pinnock,117
Andrew Quarless,118
Andrew Turzilli,119
Andrew Walter,120
Andy Dalton,121
Andy Isabella,122
Andy Janovich,123
Andy Jones,124
Andy Thorn,125
Anquan Boldin,126
Anthony Allen,127
Anthony Armstrong,128
Anthony Becht,129
Anthony Bright,130
Anthony Denham,131
Anthony Dixon,132
Anthony Fasano,133
Anthony Firkser,134
Anthony Gonzalez,135
Anthony Hill,136
Anthony Johnson,137
Anthony McCoy,138
Anthony McFarland Jr,139
Anthony Miller,140
Anthony Mix,141
Anthony Schwartz,142
Anthony Sherman,143
Anthony Thomas,144
Anthony Wright,145
Antoine Wesley,146
Antone Smith,147
Antonio Andrews,148
Antonio Brown,149
Antonio Bryant,150
Antonio Callaway,151
Antonio Chatman,152
Antonio Freeman,153
Antonio Gandy-Golden,154
Antonio Gates,155
Antonio Gibson,156
Antonio Pittman,157
Antonio Williams,158
Antony Auclair,159
Antowain Smith,160
Antwaan Randle El,161
ArDarius Stewart,162
Arian Foster,163
Arland Bruce,164
Arlen Harris,165
Armando Allen,166
Armanti Edwards,167
Armon Binns,168
Armond Smith,169
Arnaz Battle,170
Arnold Jackson,171
Arrelious Benn,172
Artavis Pierce,173
Artose Pinner,174
Asante Cleveland,175
Ashley Lelie,176
Ashton Dulin,177
Atnaf Harris,178
Auden Tate,179
Aundrae Allison,180
Austin Carr,181
Austin Collie,182
Austin Davis,183
Austin Ekeler,184
Austin Hooper,185
Austin Johnson,186
Austin Mack,187
Austin Pettis,188
Austin Seferian-Jenkins,189
Austin Traylor,190
Austin Walter,191
Austin Wheatley,192
Autry Denson,193
Aveion Cason,194
Avion Black,195
Avon Cobourne,196
Az-Zahir Hakim,197
B.J. Askew,198
B.J. Cunningham,199
B.J. Daniels,200
B.J. Sams,201
Baker Mayfield,202
Bam Childress,203
Baron Batch,204
Bashir Yamini,205
Basil Mitchell,206
Beanie Wells,207
Bear Pascoe,208
Ben Braunecker,209
Ben Coates,210
Ben DiNucci,211
Ben Edwards,212
Ben Ellefson,213
Ben Gay,214
Ben Hartsock,215
Ben Koyack,216
Ben Nelson,217
Ben Obomanu,218
Ben Patrick,219
Ben Roethlisberger,220
Ben Skowronek,221
Ben Steele,222
Ben Tate,223
Ben Troupe,224
Ben Utecht,225
Ben Watson,226
BenJarvus Green-Ellis,227
Bennie Fowler,228
Bennie Joppru,229
Benny Cunningham,230
Benny Snell Jr,231
Bernard Berrian,232
Bernard Pierce,233
Bernard Reedy,234
Bernard Scott,235
Bernie Parmalee,236
Bert Emanuel,237
Bethel Johnson,238
Bilal Powell,239
Bill Baber,240
Bill Schroeder,241
Billy Bajema,242
Billy Davis,243
Billy Latsko,244
Billy McMullen,245
Billy Miller,246
Billy Volek,247
Biren Ealy,248
Bishop Sankey,249
Blaine Gabbert,250
Blair White,251
Blake Annen,252
Blake Bell,253
Blake Bortles,254
Blake Jarwin,255
Blake Spence,256
Bo Scaife,257
Bo Scarbrough,258
Bob Christian,259
Bobby Brown,260
Bobby Collins,261
Bobby Engram,262
Bobby Hoying,263
Bobby Rainey,264
Bobby Shaw,265
Bobby Sippio,266
Bobby Wade,267
Bobo Wilson,268
Boo Williams,269
Boone Stutz,270
Boston Scott,271
Brad Christenson,272
Brad Cieslak,273
Brad Cottam,274
Brad Hoover,275
Brad Johnson,276
Brad Pyatt,277
Brad Smelley,278
Brad Smith,279
Brad St. Louis,280
Bradford Banta,281
Bradie Ewing,282
Bradlee Van Pelt,283
Bradley Marquez,284
Brady McDonnell,285
Brady Quinn,286
Braedon Bowman,287
Bralon Addison,288
Branden Oliver,289
Brandin Cooks,290
Brandon Aiyuk,291
Brandon Allen,292
Brandon Banks,293
Brandon Barden,294
Brandon Bennett,295
Brandon Bolden,296
Brandon Bostick,297
Brandon Burks,298
Brandon Coleman,299
Brandon Dillon,300
Brandon Gibson,301
Brandon Jackson,302
Brandon Jacobs,303
Brandon James,304
Brandon Jones,305
Brandon LaFell,306
Brandon Lloyd,307
Brandon London,308
Brandon Manumaleuna,309
Brandon Marshall,310
Brandon Middleton,311
Brandon Miree,312
Brandon Myers,313
Brandon Pettigrew,314
Brandon Powell,315
Brandon Rideau,316
Brandon Saine,317
Brandon Stokley,318
Brandon Tate,319
Brandon Weeden,320
Brandon Wegher,321
Brandon Wilds,322
Brandon Williams,323
Brandon Zylstra,324
Braxton Berrios,325
Braxton Miller,326
Braylon Edwards,327
Brent Celek,328
Brenton Bersin,329
Breshad Perriman,330
Brett Basanez,331
Brett Favre,332
Brett Hundley,333
Brett Pierce,334
Brett Rypien,335
Brett Swain,336
Brevin Jordan,337
Brian Allen,338
Brian Brohm,339
Brian Calhoun,340
Brian Clark,341
Brian Finneran,342
Brian Griese,343
Brian Hartline,344
Brian Hill,345
Brian Hoyer,346
Brian Jennings,347
Brian Jones,348
Brian Kinchen,349
Brian Kozlowski,350
Brian Leonard,351
Brian Leonhardt,352
Brian Milne,353
Brian Mitchell,354
Brian Natkin,355
Brian Parker,356
Brian Quick,357
Brian Robiskie,358
Brian St. Pierre,359
Brian Stablein,360
Brian Tyms,361
Brian Westbrook,362
Brice Butler,363
Brit Miller,364
Britt Davis,365
Brittan Golden,366
Brock Berlin,367
Brock Bolen,368
Brock Forsey,369
Brock Huard,370
Brock Olivo,371
Brock Osweiler,372
Brock Wright,373
Brodie Croyle,374
Brody Eldridge,375
Brody Liddiard,376
Bronson Hill,377
Brooks Bollinger,378
Bruce Ellington,379
Bruce Gradkowski,380
Bruce Miller,381
Bruce Perry,382
Bryan Edwards,383
Bryan Fletcher,384
Bryan Gilmore,385
Bryan Johnson,386
Bryan Walters,387
Bryant Johnson,388
Bryce Brown,389
Bryce Petty,390
Bryce Treggs,391
Brycen Hopkins,392
Bubba Franks,393
Bubby Brister,394
Buck Ortega,395
Buddy Howell,396
Byron Chamberlain,397
Byron Leftwich,398
Byron Marshall,399
Byron Pringle,400
Byron Storer,401
C.J. Anderson,402
C.J. Beathard,403
C.J. Board,404
C.J. Fiedorowicz,405
C.J. Ham,406
C.J. Prosise,407
C.J. Saunders,408
C.J. Spiller,409
C.J. Uzomah,410
Cade McNown,411
Cadillac Williams,412
Caleb Hanie,413
Caleb Wilson,414
Calvin Johnson,415
Calvin Ridley,416
Cam Akers,417
Cam Cleeland,418
Cam Newton,419
Cam Phillips,420
Cam Sims,421
Cameron Artis-Payne,422
Cameron Batson,423
Cameron Brate,424
Cameron Meredith,425
Cameron Morrah,426
Cardale Jones,427
Carey Davis,428
Carl Fair,429
Carl Ford,430
Carl Pickens,431
Carlos Francis,432
Carlos Hyde,433
Carlton Mitchell,434
Carlyle Holiday,435
Carson Meier,436
Carson Palmer,437
Carson Wentz,438
Case Keenum,439
Casey Cramer,440
Casey Crawford,441
Casey Fitzsimmons,442
Cecil Martin,443
Cecil Sapp,444
Cecil Shorts,445
Cedric Benson,446
Cedric Cobbs,447
Cedric Houston,448
Cedric James,449
Cedric Peerman,450
Cedrick Wilson,451
Cedrick Wilson Jr,452
CeeDee Lamb,453
Cethan Carter,454
Chad Beebe,455
Chad Dukes,456
Chad Hall,457
Chad Hansen,458
Chad Henne,459
Chad Hutchinson,460
Chad Jackson,461
Chad Johnson,462
Chad Kelly,463
Chad Lewis,464
Chad Lucas,465
Chad Morton,466
Chad Mustard,467
Chad Owens,468
Chad Pennington,469
Chad Plummer,470
Chad Simpson,471
Chad Williams,472
Chandler Cox,473
Chandler Worthy,474
Chansi Stuckey,475
Charcandrick West,476
Charles Ali,477
Charles Clay,478
Charles Evans,479
Charles Johnson,480
Charles Jones,481
Charles Kirby,482
Charles Lee,483
Charles Rogers,484
Charles Sims,485
Charles Stackhouse,486
Charlie Adams,487
Charlie Batch,488
Charlie Frye,489
Charlie Garner,490
Charlie Rogers,491
Charlie Whitehurst,492
Charlie Woerner,493
Charly Martin,494
Charone Peake,495
Chas Gessner,496
Chase Claypool,497
Chase Coffman,498
Chase Daniel,499
Chase Edmonds,500
Chase Ford,501
Chastin West,502
Chauncey Washington,503
Chaz Schilens,504
Chester Rogers,505
Chester Taylor,506
Chris Baker,507
Chris Barclay,508
Chris Brazzell,509
Chris Brooks,510
Chris Brown,511
Chris Calloway,512
Chris Carson,513
Chris Chambers,514
Chris Chandler,515
Chris Cole,516
Chris Coleman,517
Chris Conley,518
Chris Cooley,519
Chris Davis,520
Chris Doering,521
Chris Edmonds,522
Chris Eitzmann,523
Chris Evans,524
Chris Floyd,525
Chris Francies,526
Chris Fuamatu-Ma'afala,527
Chris Gedney,528
Chris Givens,529
Chris Godwin,530
Chris Gragg,531
Chris Greisen,532
Chris Gronkowski,533
Chris Harper,534
Chris Henry,535
Chris Herndon,536
Chris Hetherington,537
Chris Hogan,538
Chris Horn,539
Chris Howard,540
Chris Ivory,541
Chris Jackson,542
Chris Jennings,543
Chris Johnson,544
Chris Lacy,545
Chris Luzar,546
Chris Manhertz,547
Chris McFoy,548
Chris Moore,549
Chris Myarick,550
Chris Ogbonnaya,551
Chris Owusu,552
Chris Pantale,553
Chris Perry,554
Chris Polk,555
Chris Pressley,556
Chris Rainey,557
Chris Redman,558
Chris Rowland,559
Chris Sanders,560
Chris Simms,561
Chris Streveler,562
Chris Taylor,563
Chris Thomas,564
Chris Thompson,565
Chris Walsh,566
Chris Warren,567
Chris Weinke,568
Chris Williams,569
Christian Blake,570
Christian Fauria,571
Christian Kirk,572
Christian McCaffrey,573
Christian Ponder,574
Christine Michael,575
Chuba Hubbard,576
Ciatrick Fason,577
Cierre Wood,578
Clarence Coleman,579
Clarence Moore,580
Clarence Williams,581
Clark Harris,582
Clay Harbor,583
Cleo Lemon,584
Clif Groce,585
Cliff Russell,586
Clifton Dawson,587
Clifton Smith,588
Clinton Portis,589
Clive Walford,590
Clyde Edwards-Helaire,591
Clyde Gates,592
Cobi Hamilton,593
Coby Fleener,594
Codey McElroy,595
Cody Core,596
Cody Hollister,597
Cody Kessler,598
Cody Latimer,599
Cody Pickett,600
Cody Thompson,601
Cody White,602
Colby Parkinson,603
Cole Beasley,604
Cole Hikutini,605
Cole Kmet,606
Cole Wick,607
Colin Cloherty,608
Colin Cochart,609
Colin Kaepernick,610
Colin Thompson,611
Collin Franklin,612
Collin Johnson,613
Collin Mooney,614
Colt McCoy,615
Connor Cook,616
Connor Davis,617
Connor Hamlett,618
Connor Shaw,619
Cooper Helfet,620
Cooper Kupp,621
Cooper Rush,622
Cooper Wallace,623
Cordarrelle Patterson,624
Corey Bradford,625
Corey Brown,626
Corey Clement,627
Corey Coleman,628
Corey Davis,629
Corey Dillon,630
Corey Fuller,631
Corey Grant,632
Corey McIntyre,633
Corey Washington,634
Correll Buckhalter,635
Cortez Hankton,636
Cory Boyd,637
Cory Geason,638
Cory Harkey,639
Cory Ross,640
Cory Sauter,641
Cory Schlesinger,642
Courtland Sutton,643
Courtney Anderson,644
Courtney Hawkins,645
Courtney Roby,646
Courtney Taylor,647
Craig Davis,648
Craig Krenzel,649
Craig Nall,650
Craig Reynolds,651
Craig Stevens,652
Craig Walendy,653
Craig Yeast,654
Craphonso Thorpe,655
Cris Carter,656
Crockett Gillmore,657
Cullen Gillaspia,658
Curtis Brinkley,659
Curtis Conway,660
Curtis Enis,661
Curtis Jackson,662
Curtis Keaton,663
Curtis Martin,664
Curtis Painter,665
Curtis Samuel,666
Cyril Grayson,667
Cyrus Gray,668
D.C. Jefferson,669
D.J. Foster,670
D.J. Hackett,671
D.J. Montgomery,672
D.J. Moore,673
D.J. Tialavea,674
D.J. Williams,675
D.K. Metcalf,676
D'Andre Swift,677
D'Ernest Johnson,678
D'Juan Woods,679
D'Onta Foreman,680
D'Wayne Bates,681
D'Wayne Eskridge,682
Da'Mari Scott,683
Da'Rel Scott,684
Da'Rick Rogers,685
DaeSean Hamilton,686
Dahrran Diedrick,687
Daimon Shelton,688
Dak Prescott,689
Dallas Baker,690
Dallas Clark,691
Dallas Goedert,692
Dallas Neil,693
Dalton Keene,694
Dalton Schultz,695
Dalvin Cook,696
Dalyn Dawkins,697
Damarea Crockett,698
Damaris Johnson,699
Dameane Douglas,700
Dameon Hunter,701
Dameyune Craig,702
Damian Williams,703
Damien Anderson,704
Damien Harris,705
Damien Nash,706
Damien Williams,707
Damiere Byrd,708
Damion Ratley,709
Damion Willis,710
Damon Dunn,711
Damon Gibson,712
Damon Griffin,713
Damon Hodge,714
Damon Huard,715
Damon Jones,716
Damon Washington,717
Dan Alexander,718
Dan Arnold,719
Dan Campbell,720
Dan Chisena,721
Dan Curley,722
Dan Gronkowski,723
Dan Herron,724
Dan Kreider,725
Dan O'Leary,726
Dan Orlovsky,727
Danario Alexander,728
Dane Looker,729
Dane Sanzenbacher,730
Daniel Braverman,731
Daniel Brown,732
Daniel Coats,733
Daniel Fells,734
Daniel Graham,735
Daniel Helm,736
Daniel Jones,737
Daniel Lasco,738
Daniel Thomas,739
Daniel Wilcox,740
Danny Amendola,741
Danny Farmer,742
Danny Kanell,743
Danny Noble,744
Danny Vitale,745
Danny Ware,746
Danny Woodhead,747
Danny Wuerffel,748
Dante Brown,749
Dante Hall,750
Dante Pettis,751
Dante Ridgeway,752
Dante Rosario,753
Dantrell Savage,754
Darcy Johnson,755
Dare Ogunbowale,756
Darian Barnes,757
Darius Bradwell,758
Darius Hill,759
Darius Jackson,760
Darius Jennings,761
Darius Johnson,762
Darius Powe,763
Darius Reynaud,764
Darius Slayton,765
Darius Walker,766
Darius Watts,767
Darnay Scott,768
Darnell Autry,769
Darnell Dinkins,770
Darnell Jenkins,771
Darnell Mooney,772
Darnell Sanders,773
Darnerien McCants,774
Darrel Williams,775
Darrel Young,776
Darrell Daniels,777
Darrell Henderson,778
Darrell Hill,779
Darrell Jackson,780
Darrell Strong,781
Darren Evans,782
Darren Fells,783
Darren McFadden,784
Darren Sproles,785
Darren Waller,786
Darrin Chiaverini,787
Darrin Reaves,788
Darrius Blevins,789
Darrius Heyward-Bey,790
Darrius Shepherd,791
Darrynton Evans,792
Darvin Adams,793
Darvin Kidsy,794
Darwin Thompson,795
Daryl Jones,796
Daryl Richardson,797
Daunte Culpepper,798
Daurice Fountain,799
Davante Adams,800
Dave Brown,801
Dave Moore,802
Dave Ragone,803
Dave Stachelski,804
David Allen,805
David Anderson,806
David Ausberry,807
David Blough,808
David Boston,809
David Carr,810
David Clowney,811
David Cobb,812
David Douglas,813
David Dunn,814
David Fales,815
David Fluellen,816
David Garrard,817
David Gettis,818
David Gilreath,819
David Givens,820
David Grinnage,821
David Johnson,822
David Kircus,823
David Kirtman,824
David LaFleur,825
David Martin,826
David Montgomery,827
David Moore,828
David Morgan,829
David Nelson,830
David Njoku,831
David Palmer,832
David Patten,833
David Paulson,834
David Reed,835
David Sills,836
David Sloan,837
David Terrell,838
David Thomas,839
David Tyree,840
David Wells,841
David Williams,842
David Wilson,843
Davion Davis,844
Davis Mills,845
Davis Webb,846
Davone Bess,847
Dawson Knox,848
Dax Milne,849
Dazz Newsome,850
De Dorsey,851
De'Andre Presley,852
De'Angelo Henderson,853
De'Anthony Thomas,854
De'Lance Turner,855
De'Michael Harris,856
De'Mond Parker,857
De'Veon Smith,858
DeAndra Cobb,859
DeAndre Carter,860
DeAndre Hopkins,861
DeAndre Smelter,862
DeAndre Washington,863
DeAndrew White,864
DeAngelo Williams,865
Deante Burton,866
Dede Westbrook,867
Dedric Ward,868
Dedrick Epps,869
Dee Brown,870
Deebo Samuel,871
DeeJay Dallas,872
Deion Branch,873
Deji Karim,874
Delanie Walker,875
Delone Carter,876
Delvin Joyce,877
DeMarco Murray,878
DeMarco Sampson,879
Demarcus Ayers,880
Demarcus Robinson,881
Demaryius Thomas,882
Demetric Felton,883
Demetrius Harris,884
Demetrius Williams,885
Denard Robinson,886
Denarius Moore,887
Dennis Dixon,888
Dennis Johnson,889
Dennis McKinley,890
Dennis Northcutt,891
Dennis Pitta,892
Denzel Mims,893
Deon Anderson,894
Deon Butler,895
Deon Cain,896
Deon Dyer,897
Deon Jackson,898
Deon Yelder,899
Deontay Burnett,900
Deonte Harty,901
Deonte Thompson,902
Derek Anderson,903
Derek Carr,904
Derek Carrier,905
Derek Dorris,906
Derek Fine,907
Derek Hagan,908
Derek Moye,909
Derek Rackley,910
Derek Schouman,911
Derek Stanley,912
Derek Watt,913
Derick Armstrong,914
Derrick Alexander,915
Derrick Blaylock,916
Derrick Coleman,917
Derrick Gore,918
Derrick Hamilton,919
Derrick Harris,920
Derrick Henry,921
Derrick Lewis,922
Derrick Mason,923
Derrick Mayes,924
Derrick Ross,925
Derrick Townsel,926
Derrick Ward,927
Derrick Williams,928
Derrick Willies,929
Derrick Wimbush,930
Derrius Guice,931
Derrius Thompson,932
DeSean Jackson,933
DeShaun Foster,934
Deshaun Watson,935
DeShawn Wynn,936
DeShone Kizer,937
Desmond Clark,938
Desmond Howard,939
Detrez Newsome,940
Detron Smith,941
Deuce McAllister,942
Devale Ellis,943
Devante Mays,944
DeVante Parker,945
Devard Darling,946
Devery Henderson,947
DeVier Posey,948
Devin Aromashodu,949
Devin Asiasi,950
Devin Duvernay,951
Devin Funchess,952
Devin Hester,953
Devin Moore,954
Devin Singletary,955
Devin Smith,956
Devin Street,957
Devin Thomas,958
Devine Ozigbo,959
Devlin Hodges,960
Devon Wylie,961
Devonta Freeman,962
DeVonta Smith,963
Devontae Booker,964
Dexter Jackson,965
Dexter McCluster,966
Dexter Williams,967
Dez Bryant,968
Dez Fitzpatrick,969
Dez White,970
Dezmin Lewis,971
Dezmon Briscoe,972
Dezmon Patmon,973
Dialleo Burks,974
Dimitri Nance,975
Dion Lewis,976
Dion Sims,977
Diontae Johnson,978
Diontae Spencer,979
DJ Chark,980
Domanick Williams,981
Domenik Hixon,982
Dominic Rhodes,983
Dominique Byrd,984
Dominique Curry,985
Dominique Dafney,986
Dominique Davis,987
Dominique Edison,988
Dominique Jones,989
Dominique Thompson,990
Dominique Zeigler,991
Don Jackson,992
Donald Brown,993
Donald Driver,994
Donald Hayes,995
Donald Jones,996
Donald Lee,997
Donald Parham,998
Dondre Gilliam,999
Donnell Bennett,1000
Donnie Avery,1001
Donnie Ernsberger,1002
Donovan McNabb,1003
Donovan Morgan,1004
Donovan Peoples-Jones,1005
Donte Moncrief,1006
Donte' Stallworth,1007
Donteea Dye,1008
Dontrell Hilliard,1009
Dontrelle Inman,1010
Dorial Green-Beckham,1011
Dorin Dickerson,1012
Dorsey Levens,1013
Doug Baldwin,1014
Doug Chapman,1015
Doug Easlick,1016
Doug Flutie,1017
Doug Gabriel,1018
Doug Johnson,1019
Doug Jolley,1020
Doug Martin,1021
Doug Pederson,1022
Dreamius Smith,1023
Drew Bennett,1024
Drew Bledsoe,1025
Drew Brees,1026
Drew Carter,1027
Drew Davis,1028
Drew Haddad,1029
Drew Henson,1030
Drew Lock,1031
Drew Sample,1032
Drew Stanton,1033
Dri Archer,1034
Duce Staley,1035
DuJuan Harris,1036
Duke Calhoun,1037
Duke Johnson,1038
Duke Williams,1039
Durham Smythe,1040
Dustin Keller,1041
Dustin Lyman,1042
Dusty McGrorty,1043
Dwayne Allen,1044
Dwayne Blakley,1045
Dwayne Bowe,1046
Dwayne Carswell,1047
Dwayne Harris,1048
Dwayne Haskins,1049
Dwayne Jarrett,1050
Dwayne Washington,1051
Dwayne Wright,1052
Dwight Stone,1053
Dwone Hicks,1054
Dyami Brown,1055
E.G. Green,1056
E.J. Bibbs,1057
Earl Bennett,1058
Early Doucet,1059
Earnest Graham,1060
Easop Winston,1061
Easton Stick,1062
Ed Dickson,1063
Ed Eagan,1064
Ed McCaffrey,1065
Ed Perry,1066
Ed Stansbury,1067
Eddie Berlin,1068
Eddie Drummond,1069
Eddie George,1070
Eddie Kennison,1071
Eddie Lacy,1072
Eddie Royal,1073
Eddie Williams,1074
Edell Shepherd,1075
Edgerrin James,1076
Edwin Baker,1077
EJ Manuel,1078
Eldra Buckley,1079
Eli Manning,1080
Eli Rogers,1081
Elijah Hood,1082
Elijah McGuire,1083
Elijah Mitchell,1084
Elijah Moore,1085
Elijhaa Penny,1086
Elvis Grbac,1087
Elvis Joseph,1088
Emanuel Byrd,1089
Emanuel Smith,1090
Emil Igwenagu,1091
Emmanuel Arceneaux,1092
Emmanuel Sanders,1093
Emmitt Smith,1094
Eno Benjamin,1095
Equanimeous St. Brown,1096
Eric Bjornson,1097
Eric Decker,1098
Eric Ebron,1099
Eric Edwards,1100
Eric Fowler,1101
Eric Johnson,1102
Eric McCoo,1103
Eric Metcalf,1104
Eric Moulds,1105
Eric Page,1106
Eric Parker,1107
Eric Saubert,1108
Eric Shelton,1109
Eric Tomlinson,1110
Eric Weems,1111
Eric Zeier,1112
Erik Bickerstaff,1113
Erik Lorig,1114
Erik Swoope,1115
Ernest Wilford,1116
Ernie Conwell,1117
Ernie Wheelwright,1118
Errict Rhett,1119
Erron Kinney,1120
Ethan Kilmer,1121
Ethan Wolf,1122
Eugene Baker,1123
Evan Baylis,1124
Evan Engram,1125
Evan Moore,1126
Evan Rodriguez,1127
Evan Royster,1128
Evan Spencer,1129
Ezekiel Elliott,1130
Fabien Bownes,1131
Farrod Green,1132
Feleipe Franks,1133
Felix Jones,1134
Fendi Onobun,1135
Fitzgerald Toussaint,1136
Foster Moreau,1137
Fozzy Whittaker,1138
Frank Darby,1139
Frank Gore,1140
Frank Moreau,1141
Frank Murphy,1142
Frank Sanders,1143
Frank Summers,1144
Frank Wainright,1145
Frank Wycheck,1146
Frankie Hammond,1147
Fred Baxter,1148
Fred Beasley,1149
Fred Brown,1150
Fred Coleman,1151
Fred Davis,1152
Fred Jackson,1153
Fred McAfee,1154
Fred McCrary,1155
Fred Taylor,1156
Freddie Jones,1157
Freddie Martino,1158
Freddie Mitchell,1159
Freddie Swain,1160
Frisman Jackson,1161
Gabe Crecion,1162
Gabe Holmes,1163
Gabe Nabers,1164
Gabe Reid,1165
Gabriel Davis,1166
Gardner Minshew II,1167
Gari Scott,1168
Garrett Celek,1169
Garrett Dickerson,1170
Garrett Gilbert,1171
Garrett Graham,1172
Garrett Griffin,1173
Garrett Mills,1174
Garrett Wolfe,1175
Garrison Hearst,1176
Gartrell Johnson,1177
Gary Banks,1178
Gary Barnidge,1179
Gary Brightwell,1180
Gary Downs,1181
Gary Jennings Jr,1182
Gary Russell,1183
Gator Hoskins,1184
Gavin Escobar,1185
Gehrig Dieter,1186
Geno Smith,1187
Geoff Swaim,1188
George Atkinson,1189
George Farmer,1190
George Kittle,1191
George Layne,1192
George Wilson,1193
George Winn,1194
George Wrighster,1195
Gerald Christian,1196
Gerald Everett,1197
Gerell Robinson,1198
Geremy Davis,1199
Germane Crowell,1200
Geronimo Allison,1201
Gibran Hamdan,1202
Gijon Robinson,1203
Gilbert Harris,1204
Giovani Bernard,1205
Giovanni Ricci,1206
Glen Coffee,1207
Glenn Gronkowski,1208
Glenn Holt,1209
Glenn Martinez,1210
Glenn Winston,1211
Godwin Igwebuike,1212
Golden Tate,1213
Graham Harrell,1214
Grant Mattos,1215
Greg Camarillo,1216
Greg Clark,1217
Greg Comella,1218
Greg DeLong,1219
Greg Dortch,1220
Greg Estandia,1221
Greg Jenkins,1222
Greg Jennings,1223
Greg Jones,1224
Greg Lewis,1225
Greg Little,1226
Greg McElroy,1227
Greg Olsen,1228
Greg Salas,1229
Greg Ward,1230
Gregg Guenther,1231
Griff Whalen,1232
Gunner Olszewski,1233
Gus Edwards,1234
Gus Frerotte,1235
Hakeem Butler,1236
Hakeem Nicks,1237
Hakeem Valles,1238
Hale Hentges,1239
Hank Baskett,1240
Harold Morrow,1241
Harold Shaw,1242
Harrison Bryant,1243
Harry Douglas,1244
Harry Williams,1245
Hayden Hurst,1246
Hayden Smith,1247
Heath Evans,1248
Heath Miller,1249
Henry Burris,1250
Henry Hynoski,1251
Henry Krieger-Coble,1252
Henry Ruggs III,1253
Herb Haygood,1254
Herbert Goodman,1255
Herman Moore,1256
Hines Ward,1257
Howard Cross,1258
Howard Griffith,1259
Hunter Bryant,1260
Hunter Goodwin,1261
Hunter Henry,1262
Hunter Long,1263
Hunter Renfrow,1264
Hunter Sharp,1265
Ian Book,1266
Ian Smart,1267
Ian Thomas,1268
Ifeanyi Momah,1269
Iheanyi Uwaezuoke,1270
Ihmir Smith-Marsette,1271
Ike Hilliard,1272
Ingle Martin,1273
Irv Smith Jr,1274
Irving Fryar,1275
Isaac Bruce,1276
Isaac Byrd,1277
Isaac Fruechte,1278
Isaac Jones,1279
Isaac Nauta,1280
Isaac Redman,1281
Isaac Smolko,1282
Isaac Whitney,1283
Isaiah Burse,1284
Isaiah Coulter,1285
Isaiah Crowell,1286
Isaiah Ford,1287
Isaiah McKenzie,1288
Isaiah Pead,1289
Isaiah Stanback,1290
Isaiah Wright,1291
Isaiah Zuber,1292
Ishmael Hyman,1293
Ito Smith,1294
Itula Mili,1295
J.D. McKissic,1296
J.D. Runnels,1297
J.J. Arrington,1298
J.J. Johnson,1299
J.J. Moses,1300
J.J. Stokes,1301
J.J. Taylor,1302
J.K. Dobbins,1303
J.P. Foschi,1304
J.P. Holtz,1305
J.P. Losman,1306
J.R. Redmond,1307
J.T. O'Sullivan,1308
J'Mon Moore,1309
Ja'Marcus Bradley,1310
Ja'Marr Chase,1311
Jabar Gaffney,1312
Jabari Holloway,1313
Jace Amaro,1314
Jace Billingsley,1315
Jace Sternberger,1316
Jack Doyle,1317
Jack Stoll,1318
Jackie Battle,1319
Jackie Harris,1320
Jacob Eason,1321
Jacob Harris,1322
Jacob Hester,1323
Jacob Hollister,1324
Jacob Tamme,1325
Jacoby Brissett,1326
Jacoby Ford,1327
Jacoby Jones,1328
Jacques Patrick,1329
Jacquez Green,1330
Jacquizz Rodgers,1331
Jaeden Graham,1332
Jaelen Strong,1333
Jaelon Darden,1334
Jahvid Best,1335
JaJuan Dawson,1336
Jake Allen,1337
Jake Ballard,1338
Jake Bargas,1339
Jake Butt,1340
Jake Byrne,1341
Jake Delhomme,1342
Jake Fromm,1343
Jake Funk,1344
Jake Kumerow,1345
Jake Lampman,1346
Jake Locker,1347
Jake Luton,1348
Jake Moreland,1349
Jake Nordin,1350
Jake O'Connell,1351
Jake Plummer,1352
Jake Reed,1353
Jake Rudock,1354
Jake Schifino,1355
Jake Soliday,1356
Jake Stoneburner,1357
Jakeem Grant,1358
Jakob Johnson,1359
Jakobi Meyers,1360
Jaleel Scott,1361
Jalen Guyton,1362
Jalen Hurts,1363
Jalen Parmele,1364
Jalen Reagor,1365
Jalen Richard,1366
Jalen Saunders,1367
Jalen Tolliver,1368
Jalin Marshall,1369
Jalston Fowler,1370
Jamaal Branch,1371
Jamaal Charles,1372
Jamaal Williams,1373
Jamaar Taylor,1374
Jamaica Rector,1375
Jamal Agnew,1376
Jamal Anderson,1377
Jamal Jones,1378
Jamal Lewis,1379
Jamal Robertson,1380
Jamall Broussard,1381
Jamar Martin,1382
Jamar Newsome,1383
JaMarcus Russell,1384
Jameel Cook,1385
Jameis Winston,1386
Jamel White,1387
James Adkisson,1388
James Allen,1389
James Casey,1390
James Conner,1391
James Davis,1392
James Dearth,1393
James Develin,1394
James Fenderson,1395
James Hanna,1396
James Hardy,1397
James Hill,1398
James Hodgins,1399
James Jackson,1400
James Jenkins,1401
James Jett,1402
James Johnson,1403
James Jones,1404
James Jordan,1405
James Lynch,1406
James McKnight,1407
James Mungro,1408
James O'Shaughnessy,1409
James Proche,1410
James Robinson,1411
James Sims,1412
James Starks,1413
James Stewart,1414
James Thrash,1415
James Washington,1416
James Whalen,1417
James White,1418
James Williams,1419
James Wofford,1420
James Wright,1421
Jameson Konz,1422
Jamie Harper,1423
Jamie Martin,1424
Jamie Reader,1425
Jamin Elliott,1426
Jamison Crowder,1427
Jamize Olawale,1428
Jammi German,1429
Jamycal Hasty,1430
Janarion Grant,1431
JaQuan Hardy,1432
Jared Abbrederis,1433
Jared Cook,1434
Jared Goff,1435
Jared Lorenzen,1436
Jaret Patterson,1437
Jarett Dillard,1438
Jarious Jackson,1439
Jarius Wright,1440
Jarmar Julien,1441
Jaron Brown,1442
Jarrett Boykin,1443
Jarrett Payton,1444
Jarrett Stidham,1445
Jarrod Baxter,1446
Jarryd Hayne,1447
Jarvis Landry,1448
Jasen Isom,1449
Jason Anderson,1450
Jason Avant,1451
Jason Brookins,1452
Jason Cabinda,1453
Jason Campbell,1454
Jason Carter,1455
Jason Croom,1456
Jason Davis,1457
Jason Dunn,1458
Jason Garrett,1459
Jason Hill,1460
Jason Huntley,1461
Jason McAddley,1462
Jason McKie,1463
Jason Moore,1464
Jason Pociask,1465
Jason Rader,1466
Jason Snelling,1467
Jason Tucker,1468
Jason Vander Laan,1469
Jason Willis,1470
Jason Witten,1471
Jason Wright,1472
Jauan Jennings,1473
Javarris James,1474
Javarris Williams,1475
Javin Hunter,1476
Javon Leake,1477
Javon Ringer,1478
Javon Walker,1479
Javon Wims,1480
Javonte Williams,1481
Javontee Herndon,1482
Javorius Allen,1483
Jawill Davis,1484
Jay Ajayi,1485
Jay Cutler,1486
Jay Fiedler,1487
Jay Graham,1488
Jay Prosch,1489
Jay Riemersma,1490
Jay Tant,1491
Jaydon Mickens,1492
Jaylen Samuels,1493
Jaylen Waddle,1494
Jaymar Johnson,1495
Je'Ron Hamm,1496
Jeb Putzier,1497
Jed Collins,1498
Jed Weaver,1499
Jeff Badet,1500
Jeff Blake,1501
Jeff Cumberland,1502
Jeff Demps,1503
Jeff Driskel,1504
Jeff Dugan,1505
Jeff Garcia,1506
Jeff George,1507
Jeff Graham,1508
Jeff Heuerman,1509
Jeff Janis,1510
Jeff King,1511
Jeff Lewis,1512
Jeff Maehl,1513
Jeff Ogden,1514
Jeff Paulk,1515
Jeff Robinson,1516
Jeff Smith,1517
Jeff Thomason,1518
Jeff Tuel,1519
Jeff Webb,1520
Jeff Wilson,1521
Jehu Chesson,1522
Jehuu Caulcrick,1523
Jerald Moore,1524
Jerald Sowell,1525
Jerame Tuman,1526
Jerell Adams,1527
Jeremi Johnson,1528
Jeremiah Johnson,1529
Jeremy Brigham,1530
Jeremy Butler,1531
Jeremy Cox,1532
Jeremy Ebert,1533
Jeremy Hill,1534
Jeremy Horne,1535
Jeremy Kerley,1536
Jeremy Langford,1537
Jeremy Maclin,1538
Jeremy McDaniel,1539
Jeremy McNichols,1540
Jeremy Ross,1541
Jeremy Shockey,1542
Jeremy Sprinkle,1543
Jeremy Stewart,1544
Jerheme Urban,1545
Jerick McKinnon,1546
Jerious Norwood,1547
Jermaine Fazande,1548
Jermaine Gresham,1549
Jermaine Kearse,1550
Jermaine Lewis,1551
Jermaine Wiggins,1552
Jermaine Williams,1553
Jermar Jefferson,1554
Jermichael Finley,1555
Jerome Bettis,1556
Jerome Collins,1557
Jerome Cunningham,1558
Jerome Felton,1559
Jerome Harrison,1560
Jerome Johnson,1561
Jerome Mathis,1562
Jerome Pathon,1563
Jerome Simpson,1564
Jerome Smith,1565
Jeron Mastrud,1566
Jerramy Stevens,1567
Jerrel Jernigan,1568
Jerrell Jackson,1569
Jerricho Cotchery,1570
Jerry Jeudy,1571
Jerry Porter,1572
Jerry Rice,1573
Jesper Horsted,1574
Jesse Chatman,1575
Jesse Holley,1576
Jesse James,1577
Jesse Palmer,1578
Jester Weah,1579
Jim Dray,1580
Jim Finn,1581
Jim Harbaugh,1582
Jim Kleinsasser,1583
Jim Miller,1584
Jim Sorgi,1585
Jimmy Clausen,1586
Jimmy Farris,1587
Jimmy Garoppolo,1588
Jimmy Graham,1589
Jimmy Redmond,1590
Jimmy Smith,1591
JJ Arcega-Whiteside,1592
JJ Jones,1593
JJ Nelson,1594
Jody Fortson,1595
Joe Adams,1596
Joe Anderson,1597
Joe Banyard,1598
Joe Burns,1599
Joe Burrow,1600
Joe Callahan,1601
Joe Davenport,1602
Joe Flacco,1603
Joe Hamilton,1604
Joe Hastings,1605
Joe Horn,1606
Joe Jurevicius,1607
Joe Kerridge,1608
Joe Klopfenstein,1609
Joe Kowalewski,1610
Joe McKnight,1611
Joe Mixon,1612
Joe Montgomery,1613
Joe Morgan,1614
Joe Reed,1615
Joe Webb,1616
Joe Zelenka,1617
Joel Dreessen,1618
Joel Makovicka,1619
Joey Galloway,1620
Joey Goodspeed,1621
Joey Harrington,1622
Joey Harris,1623
Joey Haynos,1624
Joey Iosefa,1625
Joffrey Reynolds,1626
John Allred,1627
John Avery,1628
John Bates,1629
John Beck,1630
John Bronson,1631
John Broussard,1632
John Brown,1633
John Carlson,1634
John Clay,1635
John Conner,1636
John Crockett,1637
John Davis,1638
John Dekker,1639
John Friesz,1640
John Gilmore,1641
John Hightower,1642
John Jones,1643
John Kelly,1644
John Kuhn,1645
John Lovett,1646
John Madsen,1647
John Matthews,1648
John Nalbone,1649
John Navarre,1650
John Owens,1651
John Phillips,1652
John Ross,1653
John Simon,1654
John Skelton,1655
John Standeford,1656
John Stone,1657
John Ursua,1658
John Waerig,1659
John Wolford,1660
Johnathan Franklin,1661
Johnnie Lee Higgins,1662
Johnnie Morant,1663
Johnnie Morton,1664
Johnny Holton,1665
Johnny Huggins,1666
Johnny Knox,1667
Johnny Manziel,1668
Johnny McWilliams,1669
Johnny Mundt,1670
Johnny Stanton,1671
Johnny White,1672
Joique Bell,1673
Jojo Natson,1674
Jon Bradley,1675
Jon Hilliman,1676
Jon Kitna,1677
Jon Ritchie,1678
Jon Witman,1679
Jonas Gray,1680
Jonathan Baldwin,1681
Jonathan Carter,1682
Jonathan Dwyer,1683
Jonathan Grimes,1684
Jonathan Holland,1685
Jonathan Krause,1686
Jonathan Linton,1687
Jonathan Quinn,1688
Jonathan Smith,1689
Jonathan Stewart,1690
Jonathan Stupar,1691
Jonathan Taylor,1692
Jonathan Ward,1693
Jonathan Wells,1694
Jonathan Williams,1695
Jonnu Smith,1696
Jordan Akins,1697
Jordan Cameron,1698
Jordan Chunn,1699
Jordan Howard,1700
Jordan Kent,1701
Jordan Leggett,1702
Jordan Leslie,1703
Jordan Love,1704
Jordan Matthews,1705
Jordan Norwood,1706
Jordan Palmer,1707
Jordan Payton,1708
Jordan Reed,1709
Jordan Scarlett,1710
Jordan Shipley,1711
Jordan Taylor,1712
Jordan Thomas,1713
Jordan Thompson,1714
Jordan Todman,1715
Jordan Veasy,1716
Jordan White,1717
Jordan Wilkins,1718
Jordy Nelson,1719
Jorvorskie Lane,1720
Joseph Addai,1721
Joseph Fauria,1722
Joseph Randle,1723
Josh Adams,1724
Josh Allen,1725
Josh Bellamy,1726
Josh Boyce,1727
Josh Cooper,1728
Josh Cribbs,1729
Josh Doctson,1730
Josh Ferguson,1731
Josh Freeman,1732
Josh Gordon,1733
Josh Harris,1734
Josh Hill,1735
Josh Huff,1736
Josh Jacobs,1737
Josh Johnson,1738
Josh Malone,1739
Josh McCown,1740
Josh Morgan,1741
Josh Norman,1742
Josh Oliver,1743
Josh Palmer,1744
Josh Parry,1745
Josh Reed,1746
Josh Reynolds,1747
Josh Robinson,1748
Josh Rosen,1749
Josh Scobey,1750
Josh Vaughan,1751
Josh Whitman,1752
Joshua Dobbs,1753
Joshua Kelley,1754
Joshua Perkins,1755
Josiah Deguara,1756
Juaquin Iglesias,1757
JuJu Smith-Schuster,1758
Julian Edelman,1759
Julian Howsare,1760
Julian Talley,1761
Julio Jones,1762
Julius Jones,1763
Julius Pruitt,1764
Julius Thomas,1765
Junior Hemingway,1766
Juron Criner,1767
Justice Cunningham,1768
Justice Hill,1769
Justin Blackmon,1770
Justin Brown,1771
Justin Davis,1772
Justin Fargas,1773
Justin Fields,1774
Justin Forsett,1775
Justin Gage,1776
Justin Green,1777
Justin Griffith,1778
Justin Hamilton,1779
Justin Hardee,1780
Justin Hardy,1781
Justin Harper,1782
Justin Herbert,1783
Justin Hunter,1784
Justin Jackson,1785
Justin Jefferson,1786
Justin Jenkins,1787
Justin McCareins,1788
Justin Peelle,1789
Justin Perillo,1790
Justin Skaggs,1791
Justin Snow,1792
Justin Swift,1793
Justin Veltung,1794
Justin Watson,1795
Juwan Johnson,1796
Juwan Thompson,1797
Juwann Winfree,1798
K.J. Brent,1799
K.J. Hill,1800
K.J. Osborn,1801
Ka'Deem Carey,1802
Kadarius Toney,1803
Kaden Smith,1804
Kaelin Clay,1805
Kahale Warring,1806
Kahlil Bell,1807
Kahlil Hill,1808
Kalen Ballage,1809
Kalif Raymond,1810
Kamar Aiken,1811
Kapri Bibbs,1812
Kareem Huggins,1813
Kareem Hunt,1814
Karim Abdul-Jabbar,1815
Karl Hankton,1816
Karl Williams,1817
Karlos Williams,1818
KaRon Coleman,1819
Karsten Bailey,1820
Kaseem Sinceno,1821
Kasen Williams,1822
Kassim Osgood,1823
Kay-Jay Harris,1824
Ke'Shawn Vaughn,1825
Kealoha Pilares,1826
Keary Colbert,1827
Keavon Milton,1828
Keelan Cole,1829
Keelan Doss,1830
Keenan Allen,1831
Keenan Burton,1832
Keenan Howry,1833
Keenan McCardell,1834
Keenan Reynolds,1835
KeeSean Johnson,1836
Keiland Williams,1837
Keith Ford,1838
Keith Heinrich,1839
Keith Joseph,1840
Keith Kirkwood,1841
Keith Mumphery,1842
Keith Null,1843
Keith Poole,1844
Keith Smith,1845
Keith Toston,1846
Keith Zinger,1847
Keke Coutee,1848
Kellen Clemens,1849
Kellen Davis,1850
Kellen Mond,1851
Kellen Moore,1852
Kellen Winslow,1853
Kelley Washington,1854
Kelly Campbell,1855
Kelly Holcomb,1856
Kelvin Benjamin,1857
Kelvin Harmon,1858
Kelvin Kight,1859
Ken Dilger,1860
Ken Dorsey,1861
Ken Simonton,1862
Ken-Yon Rambo,1863
Kenbrell Thompkins,1864
Kendall Blanton,1865
Kendall Gaskins,1866
Kendall Hinton,1867
Kendall Hunter,1868
Kendall Newson,1869
Kendall Wright,1870
Kendrick Bourne,1871
Kendrick Mosley,1872
Kendrick Starling,1873
Kene Nwangwu,1874
Kenjon Barner,1875
Kennard Backman,1876
Kenneth Darby,1877
Kenneth Dixon,1878
Kenneth Farrow,1879
Kenneth Gainwell,1880
Kenny Britt,1881
Kenny Bynum,1882
Kenny Clark,1883
Kenny Golladay,1884
Kenny McKinley,1885
Kenny Moore,1886
Kenny Shedd,1887
Kenny Stills,1888
Kenny Watson,1889
Kenny Yeboah,1890
Kent Graham,1891
Kenton Keith,1892
Kenyan Drake,1893
Keon Hatcher,1894
Kerrith Whyte Jr,1895
Kerry Carter,1896
Kerry Collins,1897
Kerry Meier,1898
Kerry Reed,1899
Kerry Taylor,1900
Kerryon Johnson,1901
Kerwynn Williams,1902
Keshawn Martin,1903
Kevan Barlow,1904
Kevin Boss,1905
Kevin Brock,1906
Kevin Cone,1907
Kevin Curtis,1908
Kevin Dorsey,1909
Kevin Dudley,1910
Kevin Dyson,1911
Kevin Elliott,1912
Kevin Everett,1913
Kevin Faulk,1914
Kevin Hogan,1915
Kevin Johnson,1916
Kevin Jones,1917
Kevin Kasper,1918
Kevin Kolb,1919
Kevin Lockett,1920
Kevin McDougal,1921
Kevin McLeod,1922
Kevin Norwood,1923
Kevin O'Connell,1924
Kevin Ogletree,1925
Kevin Rader,1926
Kevin Robinson,1927
Kevin Smith,1928
Kevin Swayne,1929
Kevin Thompson,1930
Kevin Walter,1931
Kevin Ware,1932
Kevin White,1933
Kevin Williams,1934
Kevin Youngblood,1935
Keylon Kincade,1936
Keyshawn Johnson,1937
KhaDarel Hodge,1938
Khalil Herbert,1939
Khari Blasingame,1940
Khari Lee,1941
Khiry Robinson,1942
Ki-Jana Carter,1943
Kiero Small,1944
Kimble Anders,1945
Kirk Cousins,1946
Kirk McMullen,1947
Kirk Merritt,1948
KJ Hamler,1949
Kliff Kingsbury,1950
Knile Davis,1951
Knowshon Moreno,1952
Kolby Smith,1953
Konrad Reuland,1954
Kordell Stewart,1955
Koren Robinson,1956
Korey Hall,1957
Kori Dickerson,1958
Kory Chapman,1959
Kory Sheets,1960
Kory Sperry,1961
Koy Detmer,1962
Kregg Lumpkin,1963
Kris Adams,1964
Kris Durham,1965
Kris Mangum,1966
Kris Wilson,1967
Krishawn Hogan,1968
Kristian Wilkerson,1969
Kurt Benkert,1970
Kurt Kittner,1971
Kurt Warner,1972
Kwame Cavil,1973
Kyle Adams,1974
Kyle Allen,1975
Kyle Boller,1976
Kyle Brady,1977
Kyle Carter,1978
Kyle Eckel,1979
Kyle Johnson,1980
Kyle Juszczyk,1981
Kyle Lauletta,1982
Kyle Orton,1983
Kyle Pitts,1984
Kyle Rudolph,1985
Kyle Williams,1986
Kylen Granson,1987
Kyler Murray,1988
Kylin Hill,1989
L.J. Smith,1990
La'Mical Perine,1991
LaBrandon Toefield,1992
LaDainian Tomlinson,1993
Ladarius Green,1994
Ladell Betts,1995
Lamaar Thomas,1996
Lamar Gordon,1997
Lamar Jackson,1998
Lamar Miller,1999
Lamar Smith,2000
LaMichael James,2001
Lamont Hall,2002
LaMont Jordan,2003
Lamont Warren,2004
Lance Ball,2005
Lance Dunbar,2006
Lance Kendricks,2007
Lance Lenoir,2008
Lance Lewis,2009
Lance Long,2010
Lance Moore,2011
Landry Jones,2012
LaQuan Williams,2013
Laquon Treadwell,2014
LaRod Stephens-Howling,2015
LaRon Byrd,2016
Larry Centers,2017
Larry Croom,2018
Larry Donnell,2019
Larry Fitzgerald,2020
Larry Foster,2021
Larry Johnson,2022
Larry Ned,2023
Larry Parker,2024
Larry Pinkard,2025
Larry Rountree,2026
LaShaun Ward,2027
LaTarence Dunbar,2028
Latavius Murray,2029
Laurence Maroney,2030
Laurent Robinson,2031
LaVell Boyd,2032
Lavelle Hawkins,2033
Laveranues Coles,2034
Laviska Shenault Jr,2035
LaVon Brazill,2036
Lavon Coleman,2037
Lawrence Cager,2038
Lawrence Hamilton,2039
Lawrence Hart,2040
Lawrence Vickers,2041
Le'Ron McClain,2042
Le'Veon Bell,2043
Lee Evans,2044
Lee Mays,2045
Lee Smith,2046
Lee Suggs,2047
Lee Vickers,2048
LeGarrette Blount,2049
Legedu Naanee,2050
LenDale White,2051
Lennox Gordon,2052
Lenzie Jackson,2053
Leon Johnson,2054
Leon Washington,2055
Leonard Fournette,2056
Leonard Hankerson,2057
Leonard Henry,2058
Leonard Pope,2059
Leonard Stephens,2060
Leonard Weaver,2061
Leonte Carroo,2062
LeRon McCoy,2063
LeSean McCoy,2064
LeShun Daniels,2065
Leslie Shepherd,2066
Lestar Jean,2067
LeVante Bellamy,2068
Levi Brown,2069
Levine Toilolo,2070
Lex Hilliard,2071
Lil'Jordan Humphrey,2072
Limas Sweed,2073
Lionel Gates,2074
Logan Paulsen,2075
Logan Payne,2076
Logan Thomas,2077
Logan Woodside,2078
Lonyae Miller,2079
Lorenzo Booker,2080
Lorenzo Diamond,2081
Lorenzo Neal,2082
Lorenzo Taliaferro,2083
Louis Murphy,2084
Louis Rankin,2085
Lousaka Polite,2086
Lucky Whitehead,2087
Luke Falk,2088
Luke Farrell,2089
Luke Lawton,2090
Luke McCown,2091
Luke Stocker,2092
Luke Willson,2093
Luther Broughton,2094
Lynell Hamilton,2095
Lynn Bowden Jr,2096
Mac Cody,2097
Mac Jones,2098
Macey Brooks,2099
Mack Brown,2100
Mack Hollins,2101
Mack Strong,2102
Madison Hedgecock,2103
Madre Hill,2104
Malachi Dupre,2105
Malaefou MacKenzie,2106
Malcolm Brown,2107
Malcolm Johnson,2108
Malcolm Kelly,2109
Malcolm Mitchell,2110
Malcolm Perry,2111
Malcom Floyd,2112
Malik Taylor,2113
Malik Turner,2114
Manase Tonga,2115
Manuel Johnson,2116
Marc Boerigter,2117
Marc Bulger,2118
Marc Edwards,2119
Marc Mariani,2120
Marcedes Lewis,2121
Marcel Jensen,2122
Marcel Reece,2123
Marcel Shipp,2124
Marcell Ateman,2125
Marcellus Rivers,2126
Marco Battaglia,2127
Marcus Baugh,2128
Marcus Easley,2129
Marcus Johnson,2130
Marcus Kemp,2131
Marcus Knight,2132
Marcus Mailei,2133
Marcus Mariota,2134
Marcus Mason,2135
Marcus Maxwell,2136
Marcus Murphy,2137
Marcus Pollard,2138
Marcus Robinson,2139
Marcus Smith,2140
Marcus Thigpen,2141
Marcus Thomas,2142
Marcus Vick,2143
Marcus Williams,2144
Mardy Gilyard,2145
Mareno Philyaw,2146
Mario Alford,2147
Mario Bates,2148
Mario Manningham,2149
Marion Barber III,2150
Marion Grice,2151
Mark Andrews,2152
Mark Anelli,2153
Mark Bradley,2154
Mark Bruener,2155
Mark Brunell,2156
Mark Campbell,2157
Mark Clayton,2158
Mark Hartsell,2159
Mark Ingram,2160
Mark Jones,2161
Mark Rypien,2162
Mark Sanchez,2163
Mark Walton,2164
Marken Michel,2165
Marko Mitchell,2166
Markus Wheaton,2167
Marlion Jackson,2168
Marlon Barnes,2169
Marlon Brown,2170
Marlon Mack,2171
Marlon Moore,2172
Marqise Lee,2173
MarQueis Gray,2174
Marques Colston,2175
Marques Hagans,2176
Marques Tuiasosopo,2177
Marquess Wilson,2178
Marquez Callaway,2179
Marquez Valdes-Scantling,2180
Marquez Williams,2181
Marquis Bundy,2182
Marquis Johnson,2183
Marquis Weeks,2184
Marquise Brown,2185
Marquise Goodwin,2186
Marshall Faulk,2187
Marshawn Lynch,2188
Martavis Bryant,2189
MarTay Jenkins,2190
Martellus Bennett,2191
Martin Nance,2192
Martin Rucker,2193
Martrez Milner,2194
Marty Booker,2195
Marvin Hall,2196
Marvin Harrison,2197
Marvin Jones,2198
Marvin McNutt,2199
Mason Rudolph,2200
Mason Schreck,2201
Matt Asiata,2202
Matt Barkley,2203
Matt Breida,2204
Matt Cassel,2205
Matt Cercone,2206
Matt Cole,2207
Matt Cushing,2208
Matt Dominguez,2209
Matt Flanagan,2210
Matt Flynn,2211
Matt Forte,2212
Matt Gutierrez,2213
Matt Hasselbeck,2214
Matt Hazel,2215
Matt Jones,2216
Matt Kranchick,2217
Matt LaCosse,2218
Matt Lawrence,2219
Matt Leinart,2220
Matt Lengel,2221
Matt Lytle,2222
Matt Mauck,2223
Matt McGloin,2224
Matt Moore,2225
Matt Murphy,2226
Matt Ryan,2227
Matt Schaub,2228
Matt Schobel,2229
Matt Simms,2230
Matt Snider,2231
Matt Sokol,2232
Matt Spaeth,2233
Matt Stanley,2234
Matt Veldman,2235
Matt Willis,2236
Matthew Dayes,2237
Matthew Hatchette,2238
Matthew Mulligan,2239
Matthew Orzech,2240
Matthew Slater,2241
Matthew Stafford,2242
Matthew Tucker,2243
Maurice Ffrench,2244
Maurice Harris,2245
Maurice Hicks,2246
Maurice Jones-Drew,2247
Maurice Mann,2248
Maurice Morris,2249
Maurice Purify,2250
Maurice Smith,2251
Maurice Stovall,2252
Max Hall,2253
Max Komar,2254
Max McCaffrey,2255
Maxx Williams,2256
Mecole Hardman,2257
Mekhi Sargent,2258
Melvin Gordon,2259
Mewelde Moore,2260
Micah Ross,2261
Michael Bates,2262
Michael Bennett,2263
Michael Bishop,2264
Michael Bumpus,2265
Michael Burton,2266
Michael Bush,2267
Michael Campanaro,2268
Michael Carter,2269
Michael Clark,2270
Michael Clayton,2271
Michael Cox,2272
Michael Crabtree,2273
Michael Egnew,2274
Michael Floyd,2275
Michael Ford,2276
Michael Gaines,2277
Michael Gallup,2278
Michael Gasperson,2279
Michael Higgins,2280
Michael Hill,2281
Michael Hoomanawanui,2282
Michael Jenkins,2283
Michael Jennings,2284
Michael Lewis,2285
Michael Matthews,2286
Michael Palmer,2287
Michael Pittman,2288
Michael Pittman Jr,2289
Michael Preston,2290
Michael Roan,2291
Michael Roberts,2292
Michael Robinson,2293
Michael Smith,2294
Michael Thomas,2295
Michael Turner,2296
Michael Vick,2297
Michael Walker,2298
Michael Warren,2299
Michael Westbrook,2300
Michael Wiley,2301
Michael Williams,2302
Micheal Spurlock,2303
Mickey Shuler,2304
Mike Alstott,2305
Mike Anderson,2306
Mike Banks,2307
Mike Bartrum,2308
Mike Bell,2309
Mike Boone,2310
Mike Brown,2311
Mike Caussin,2312
Mike Cloud,2313
Mike Cox,2314
Mike Davis,2315
Mike Espy,2316
Mike Evans,2317
Mike Furrey,2318
Mike Gesicki,2319
Mike Gillislee,2320
Mike Glennon,2321
Mike Goodson,2322
Mike Green,2323
Mike Hart,2324
Mike Hass,2325
Mike James,2326
Mike Kafka,2327
Mike Karney,2328
Mike Leach,2329
Mike Lucky,2330
Mike McMahon,2331
Mike McNeill,2332
Mike Roberg,2333
Mike Seidman,2334
Mike Sellers,2335
Mike Sims-Walker,2336
Mike Strachan,2337
Mike Thomas,2338
Mike Tolbert,2339
Mike Wallace,2340
Mike White,2341
Mike Williams,2342
Mikel Leshoure,2343
Mikhael Ricks,2344
Miles Austin,2345
Miles Boykin,2346
Miles Sanders,2347
Milton Wynn,2348
Mitchell Henry,2349
Mitchell Trubisky,2350
Mitchell Wilcox,2351
Mo Alie-Cox,2352
Moe Williams,2353
Mohamed Massaquoi,2354
Mohamed Sanu,2355
Mondriel Fulcher,2356
Montario Hardesty,2357
Montee Ball,2358
Montell Owens,2359
Moran Norris,2360
Mose Frazier,2361
Moses Moreno,2362
Mossis Madu,2363
Muhsin Muhammad,2364
Musa Smith,2365
Mychal Rivera,2366
MyCole Pruitt,2367
Myles Gaskin,2368
Myles White,2369
N'Keal Harry,2370
Na Brown,2371
Naaman Roosevelt,2372
Najee Harris,2373
Najeh Davenport,2374
Napoleon Kaufman,2375
Nate Becker,2376
Nate Burleson,2377
Nate Byham,2378
Nate Eachus,2379
Nate Hughes,2380
Nate Jackson,2381
Nate Jacquet,2382
Nate Jones,2383
Nate Lawrie,2384
Nate McCrary,2385
Nate Poole,2386
Nate Solder,2387
Nate Sudfeld,2388
Nate Turner,2389
Nate Washington,2390
Nathan Black,2391
Nathan Cottrell,2392
Nathan Hodel,2393
Nathan Palmer,2394
Nathan Peterman,2395
Natrone Means,2396
Naufahu Tahi,2397
Neal Sterling,2398
Nehemiah Broughton,2399
Neil O'Donnell,2400
Nelson Agholor,2401
Nic Jacobs,2402
Nick Bawden,2403
Nick Bellore,2404
Nick Boyle,2405
Nick Chubb,2406
Nick Davis,2407
Nick Foles,2408
Nick Goings,2409
Nick Kasa,2410
Nick Keizer,2411
Nick Luchey,2412
Nick Maddox,2413
Nick Miller,2414
Nick Mullens,2415
Nick O'Leary,2416
Nick Ralston,2417
Nick Toon,2418
Nick Vannett,2419
Nick Westbrook-Ikhine,2420
Nick Williams,2421
Nico Collins,2422
Nikita Whitlock,2423
Niles Paul,2424
Noah Brown,2425
Noah Fant,2426
Noah Gray,2427
Noah Herron,2428
Noah Togiai,2429
Nsimba Webster,2430
Nyheim Hines,2431
O.J. Howard,2432
O.J. McDuffie,2433
O.J. Santiago,2434
O.J. Small,2435
Obafemi Ayanbadejo,2436
Odell Beckham Jr,2437
Olabisi Johnson,2438
Olamide Zaccheaus,2439
Olandis Gary,2440
Olaniyi Sobomehin,2441
Oliver Hoyte,2442
Omar Easy,2443
Onrea Jones,2444
Onterio McCalebb,2445
Onterrio Smith,2446
Oren O'Neal,2447
Orleans Darkwa,2448
Oronde Gadsden,2449
Orson Charles,2450
Otis Amey,2451
Ovie Mughelli,2452
Owen Daniels,2453
Owen Marecic,2454
Owen Schmitt,2455
P.J. Fleck,2456
P.J. Pope,2457
P.J. Walker,2458
P.K. Sam,2459
Paris Warren,2460
Parker Hesse,2461
Parris Campbell,2462
Pat Batteaux,2463
Pat Freiermuth,2464
Pat White,2465
Patrick Cobbs,2466
Patrick Crayton,2467
Patrick DiMarco,2468
Patrick Edwards,2469
Patrick Estes,2470
Patrick Hape,2471
Patrick Jeffers,2472
Patrick Johnson,2473
Patrick Laird,2474
Patrick Mahomes,2475
Patrick Pass,2476
Patrick Ramsey,2477
Patrick Ricard,2478
Patrick Taylor,2479
Patrick Turner,2480
Patrick Washington,2481
Paul Hubbard,2482
Paul Irons,2483
Paul Lasike,2484
Paul McRoberts,2485
Paul Perkins,2486
Paul Richardson,2487
Paul Shields,2488
Paul Smith,2489
Paul Turner,2490
Paul Williams,2491
Paxton Lynch,2492
Peerless Price,2493
Penny Hart,2494
Percy Harvin,2495
Pete Mitchell,2496
Peter Warrick,2497
Peyton Barber,2498
Peyton Hillis,2499
Peyton Manning,2500
Pharaoh Brown,2501
Pharoh Cooper,2502
Phil Bates,2503
Phil McGeoghan,2504
Philip Rivers,2505
Phillip Crosby,2506
Phillip Dorsett,2507
Phillip Lindsay,2508
Phillip Supernaw,2509
Phillip Tanner,2510
Pierre Garcon,2511
Pierre Thomas,2512
Plaxico Burress,2513
Preston Parker,2514
Preston Williams,2515
Priest Holmes,2516
Qadree Ollison,2517
Qadry Ismail,2518
Quadree Henderson,2519
Quan Bray,2520
Quan Cosby,2521
Quentin Griffin,2522
Quentin McCord,2523
Quez Watkins,2524
Quincy Adeboyejo,2525
Quincy Carter,2526
Quincy Enunwa,2527
Quincy Morgan,2528
Quincy Wilson,2529
Quinn Gray,2530
Quinn Johnson,2531
Quinn Porter,2532
Quinn Sypniewski,2533
Quinten Lawrence,2534
Quintez Cephus,2535
Quinton Ganther,2536
Quinton Patton,2537
R. Jay Soward,2538
R.J. Bowers,2539
Rabih Abdullah,2540
Racey McMath,2541
Rafael Cooper,2542
Raheem Mostert,2543
Ramses Barden,2544
Ran Carthon,2545
Randal Williams,2546
Randall Cobb,2547
Randall Cunningham,2548
Randall Telfer,2549
Randy Fasani,2550
Randy Hymes,2551
Randy Jordan,2552
Randy McMichael,2553
Randy Moss,2554
Rannell Hall,2555
Rashaad Penny,2556
Rashad Greene,2557
Rashad Jennings,2558
Rashad Ross,2559
Rashard Davis,2560
Rashard Higgins,2561
Rashard Mendenhall,2562
Rashaun Allen,2563
Rashaun Woods,2564
Rashawn Jackson,2565
Rashawn Scott,2566
Rasheed Marshall,2567
Rashied Davis,2568
Rashod Bateman,2569
Rashod Berry,2570
Rashod Kent,2571
Ray Agnew,2572
Ray Graham,2573
Ray Jackson,2574
Ray Lucas,2575
Ray Rice,2576
Ray-Ray McCloud,2577
Raymond Calais,2578
Raymont Harris,2579
Reagan Maui'a,2580
Reche Caldwell,2581
Reggie Barlow,2582
Reggie Begelton,2583
Reggie Bonnafon,2584
Reggie Brown,2585
Reggie Bush,2586
Reggie Davis,2587
Reggie Germany,2588
Reggie Gilliam,2589
Reggie Jones,2590
Reggie Kelly,2591
Reggie McNeal,2592
Reggie Newhouse,2593
Reggie Swinton,2594
Reggie Wayne,2595
Reggie White,2596
Reggie Williams,2597
Reidel Anthony,2598
Reno Mahe,2599
ReShard Lee,2600
Reuben Droughns,2601
Rex Burkhead,2602
Rex Grossman,2603
Rhamondre Stevenson,2604
Rhett Ellison,2605
Ricardo Lockette,2606
Ricardo Louis,2607
Rich Alexis,2608
Rich Gannon,2609
Rich Griffith,2610
Rich Parson,2611
Richard Alston,2612
Richard Angulo,2613
Richard Bartel,2614
Richard Goodman,2615
Richard Gordon,2616
Richard Huntley,2617
Richard Medlin,2618
Richard Murphy,2619
Richard Owens,2620
Richard Quinn,2621
Richard Rodgers,2622
Richard Smith,2623
Richie Anderson,2624
Richie Brockel,2625
Richie James,2626
Rick Mirer,2627
Rickey Dudley,2628
Ricky Ortiz,2629
Ricky Proehl,2630
Ricky Seals-Jones,2631
Ricky Watters,2632
Ricky Williams,2633
Rico Dowdle,2634
Rico Gafford,2635
Rico Gathers,2636
Rico Richardson,2637
Riley Cooper,2638
Riley McCarron,2639
Riley Ridley,2640
Rishard Matthews,2641
River Cracraft,2642
Rob Gronkowski,2643
Rob Housler,2644
Rob Johnson,2645
Rob Konrad,2646
Rob Myers,2647
Robbie Anderson,2648
Robert Baker,2649
Robert Brooks,2650
Robert Chancey,2651
Robert Davis,2652
Robert Douglas,2653
Robert Edwards,2654
Robert Ferguson,2655
Robert Foster,2656
Robert Griffin III,2657
Robert Herron,2658
Robert Holcombe,2659
Robert Hughes,2660
Robert Johnson,2661
Robert Kelley,2662
Robert Meachem,2663
Robert Royal,2664
Robert Smith,2665
Robert Thomas,2666
Robert Tonyan,2667
Robert Turbin,2668
Robert Wilson,2669
Robert Woods,2670
Roberto Wallace,2671
Roc Thomas,2672
Rock Cartwright,2673
Rocket Ismail,2674
Rod Gardner,2675
Rod Rutledge,2676
Rod Smart,2677
Rod Smith,2678
Rod Streater,2679
Rod Trafford,2680
Roddy White,2681
Rodney Adams,2682
Rodney Peete,2683
Rodney Smith,2684
Rodney Thomas,2685
Rodrick Monroe,2686
Roger Lewis,2687
Rohan Davey,2688
Roland Williams,2689
Romby Bryant,2690
Ron Dayne,2691
Ron Dixon,2692
Ron Dugans,2693
Ron Johnson,2694
Ron Rivers,2695
Ronald Bellamy,2696
Ronald Curry,2697
Ronald Jones II,2698
Rondale Moore,2699
Rondell Mealey,2700
Ronney Jenkins,2701
Ronnie Brown,2702
Ronnie Cruz,2703
Ronnie Ghent,2704
Ronnie Hillman,2705
Ronnie Wingo,2706
Roosevelt Nix,2707
Roscoe Parrish,2708
Ross Dwelley,2709
Ross Travis,2710
Roy Hall,2711
Roy Helu,2712
Roy Williams,2713
Royce Freeman,2714
Roydell Williams,2715
Rudi Johnson,2716
Rudy Carpenter,2717
Rudy Sylvan,2718
Rueben Randle,2719
Russell Gage,2720
Russell Hansbrough,2721
Russell Shepard,2722
Russell Wilson,2723
Rusty Smith,2724
Ruvell Martin,2725
Ryan Broyles,2726
Ryan D'Imperio,2727
Ryan Finley,2728
Ryan Fitzpatrick,2729
Ryan Grant,2730
Ryan Griffin,2731
Ryan Hannam,2732
Ryan Hewitt,2733
Ryan Izzo,2734
Ryan Krause,2735
Ryan Leaf,2736
Ryan Lindley,2737
Ryan Mahaffey,2738
Ryan Malleck,2739
Ryan Mallett,2740
Ryan Mathews,2741
Ryan Moats,2742
Ryan Nall,2743
Ryan Nassib,2744
Ryan Neufeld,2745
Ryan O'Malley,2746
Ryan Prince,2747
Ryan Purvis,2748
Ryan Spadola,2749
Ryan Switzer,2750
Ryan Tannehill,2751
Ryan Taylor,2752
Ryan Torain,2753
Ryan Wetnight,2754
Ryan Whalen,2755
Ryan Williams,2756
Ryne Robinson,2757
Ryquell Armstead,2758
Saalim Hakim,2759
Saeed Blacknall,2760
Sage Rosenfels,2761
Salvon Ahmed,2762
Sam Aiken,2763
Sam Bradford,2764
Sam Darnold,2765
Sam Ehlinger,2766
Sam Gash,2767
Sam Giguere,2768
Sam Hurd,2769
Sam Simmons,2770
Samaje Perine,2771
Samie Parker,2772
Samkon Gado,2773
Sammie Coates,2774
Sammie Stroughter,2775
Sammy Morris,2776
Sammy Watkins,2777
Santana Moss,2778
Santonio Holmes,2779
Saquon Barkley,2780
Scott Chandler,2781
Scott Covington,2782
Scott Dragos,2783
Scott Miller,2784
Scott Mitchell,2785
Scott Simonson,2786
Scott Tolzien,2787
Scottie Montgomery,2788
Scottie Phillips,2789
Scottie Vines,2790
Scotty Anderson,2791
Sean Bennett,2792
Sean Berton,2793
Sean Brewer,2794
Sean Culkin,2795
Sean Dawkins,2796
Sean Mannion,2797
Sean McDermott,2798
Sean McGrath,2799
Sean McHugh,2800
Sean McKeon,2801
Sean Morey,2802
Sean Renfree,2803
Sean Ryan,2804
Seantavius Jones,2805
Sedrick Irvin,2806
Selvin Young,2807
Seneca Wallace,2808
Senorise Perry,2809
Seth Devalve,2810
Seth Roberts,2811
Seth Williams,2812
Sewo Olonilua,2813
Seyi Ajirotutu,2814
Shad Meier,2815
Shane Matthews,2816
Shane Smith,2817
Shane Vereen,2818
Shane Wynn,2819
Shane Zylstra,2820
Shannon Sharpe,2821
Shaud Williams,2822
Shaun Alexander,2823
Shaun Bodiford,2824
Shaun Chapas,2825
Shaun Draughn,2826
Shaun Hill,2827
Shaun King,2828
Shaun McDonald,2829
Shaun Wilson,2830
Shawn Bryson,2831
Shawn Jefferson,2832
Shawn Nelson,2833
Sheldon Jackson,2834
Shelton Gibson,2835
Shi Smith,2836
Shockmain Davis,2837
Shonn Greene,2838
Shyrone Stith,2839
Sidney Rice,2840
Silas Redd,2841
Simi Fehoko,2842
Sinorice Moss,2843
Sirr Parker,2844
Skip Hicks,2845
Skye Dawson,2846
Skyler Green,2847
Sloan Thomas,2848
Snoop Minnis,2849
Solomon Patton,2850
Sony Michel,2851
Spencer Larsen,2852
Spencer Nead,2853
Spencer Schnell,2854
Spencer Ware,2855
Spergon Wynn,2856
Stacey Mack,2857
Stacy Coley,2858
Stacy Tutt,2859
Stanley Havili,2860
Stanley Morgan Jr,2861
Stanley Pritchett,2862
Stedman Bailey,2863
Stefan Logan,2864
Stefon Diggs,2865
Stepfan Taylor,2866
Stephen Alexander,2867
Stephen Anderson,2868
Stephen Burton,2869
Stephen Carlson,2870
Stephen Davis,2871
Stephen Hill,2872
Stephen McGee,2873
Stephen Spach,2874
Stephen Sullivan,2875
Stephen Trejo,2876
Stephen Williams,2877
Sterling Shepard,2878
Stevan Ridley,2879
Steve Beuerlein,2880
Steve Breaston,2881
Steve Bush,2882
Steve Heiden,2883
Steve Johnson,2884
Steve Maneri,2885
Steve McNair,2886
Steve Sanders,2887
Steve Slaton,2888
Steve Smith,2889
Steve Smith Sr,2890
Steven Dunbar,2891
Steven Jackson,2892
Steven Mitchell,2893
Steven Sims,2894
Stoney Case,2895
Storm Johnson,2896
Sultan McCullough,2897
Sylvester Morris,2898
Syndric Steptoe,2899
T.J. Duckett,2900
T.J. Graham,2901
T.J. Hockenson,2902
T.J. Houshmandzadeh,2903
T.J. Jones,2904
T.J. Logan,2905
T.J. Yates,2906
T.J. Yeldon,2907
T.Y. Hilton,2908
Tab Perry,2909
Taco Wallace,2910
Tai Streets,2911
Taiwan Jones,2912
Taj Smith,2913
Tajae Sharpe,2914
Talman Gardner,2915
Tamarick Vanover,2916
Tandon Doss,2917
Tanner Gentry,2918
Tanner Hudson,2919
Tanner McEvoy,2920
Taquan Mizzell,2921
Tarik Black,2922
Tarik Cohen,2923
Tarvaris Jackson,2924
Tashard Choice,2925
Tatum Bell,2926
Tauren Poole,2927
Tavarres King,2928
Tavon Austin,2929
Taye Biddle,2930
Taylor Gabriel,2931
Taylor Heinicke,2932
Taylor Jacobs,2933
Taylor Price,2934
Taylor Thompson,2935
Taysom Hill,2936
Taywan Taylor,2937
Ted Ginn Jr,2938
Teddy Bridgewater,2939
Teddy Williams,2940
Tee Higgins,2941
Tee Martin,2942
Temarrick Hemingway,2943
Terance Mathis,2944
Terrace Marshall Jr,2945
Terrance Copper,2946
Terrance Ganaway,2947
Terrance West,2948
Terrance Williams,2949
Terrell Davis,2950
Terrell Fletcher,2951
Terrell Owens,2952
Terrell Watson,2953
Terrelle Pryor,2954
Terrelle Smith,2955
Terrence Austin,2956
Terrence Edwards,2957
Terrence Magee,2958
Terrence Murphy,2959
Terrence Wilkins,2960
Terron Ward,2961
Terry Allen,2962
Terry Butler,2963
Terry Glenn,2964
Terry Godwin,2965
Terry Hardy,2966
Terry Jackson,2967
Terry Jones,2968
Terry Kirby,2969
Terry McLaurin,2970
Terry Witherspoon,2971
Tevaun Smith,2972
Tevin Coleman,2973
Tevin Jones,2974
Teyo Johnson,2975
Thabiti Davis,2976
Thaddeus Lewis,2977
Theo Riddick,2978
Thomas Clayton,2979
Thomas Duarte,2980
Thomas Jones,2981
Thomas Rawls,2982
Thomas Tapeh,2983
Thurman Thomas,2984
Tiki Barber,2985
Tim Baker,2986
Tim Biakabutuka,2987
Tim Boyle,2988
Tim Brown,2989
Tim Carter,2990
Tim Castille,2991
Tim Couch,2992
Tim Dwight,2993
Tim Euhus,2994
Tim Hasselbeck,2995
Tim Hightower,2996
Tim Massaquoi,2997
Tim Patrick,2998
Tim Rattay,2999
Tim Tebow,3000
Tim White,3001
Tim Wright,3002
Tion Green,3003
Tiquan Underwood,3004
Titus Young,3005
Tobais Palmer,3006
Toben Opurum,3007
Toby Gerhart,3008
Todd Bouman,3009
Todd Collins,3010
Todd Devoe,3011
Todd Gurley,3012
Todd Heap,3013
Todd Husak,3014
Todd Pinkston,3015
Todd Watkins,3016
Todd Yoder,3017
Tom Brady,3018
Tom Brandstater,3019
Tom Crabtree,3020
Tom Kennedy,3021
Tom Lopienski,3022
Tom Santi,3023
Tom Savage,3024
Tommy Bohanon,3025
Tommy Gallarda,3026
Tommy Hudson,3027
Tommy Maddox,3028
Tommy Stevens,3029
Tommy Streeter,3030
Tommy Sweeney,3031
Tommy Tremble,3032
Tommylee Lewis,3033
Toney Clemons,3034
Tony Banks,3035
Tony Brooks-James,3036
Tony Brown,3037
Tony Carter,3038
Tony Curtis,3039
Tony Fiammetta,3040
Tony Fisher,3041
Tony Gonzalez,3042
Tony Hollings,3043
Tony Horne,3044
Tony Hunt,3045
Tony Jones,3046
Tony Lippett,3047
Tony Martin,3048
Tony McGee,3049
Tony Moeaki,3050
Tony Pike,3051
Tony Pollard,3052
Tony Richardson,3053
Tony Romo,3054
Tony Scheffler,3055
Tony Simmons,3056
Tony Stewart,3057
Tony Taylor,3058
Tony Washington,3059
Tori Gurley,3060
Torrance Small,3061
Torrey Smith,3062
Torry Holt,3063
Tory Carter,3064
Tory Humphrey,3065
Tory Woodbury,3066
Tra Carson,3067
Trace McSorley,3068
Travaris Cadet,3069
Travis Beckum,3070
Travis Benjamin,3071
Travis Brown,3072
Travis Fulgham,3073
Travis Henry,3074
Travis Homer,3075
Travis Jervey,3076
Travis Kelce,3077
Travis McGriff,3078
Travis Minor,3079
Travis Prentice,3080
Travis Rudolph,3081
Travis Stephens,3082
Travis Taylor,3083
Travis Wilson,3084
Trayveon Williams,3085
Tre Madden,3086
Tre Mason,3087
Tre McBride,3088
Tre' McKitty,3089
Tre'Quan Smith,3090
Trent Dilfer,3091
Trent Edwards,3092
Trent Green,3093
Trent Richardson,3094
Trent Sherfield,3095
Trent Smith,3096
Trent Taylor,3097
Trenton Cannon,3098
Trenton Irwin,3099
Trevon Wesco,3100
Trevone Boykin,3101
Trevor Davis,3102
Trevor Gaylor,3103
Trevor Insley,3104
Trevor Lawrence,3105
Trevor Siemian,3106
Trey Burton,3107
Trey Edmunds,3108
Trey Junkin,3109
Trey Lance,3110
Trey Quinn,3111
Trey Ragas,3112
Trey Sermon,3113
Trey Watts,3114
Trey Williams,3115
Triandos Luke,3116
Trindon Holliday,3117
Trinity Benson,3118
Troy Aikman,3119
Troy Bienemann,3120
Troy Brown,3121
Troy Drayton,3122
Troy Edwards,3123
Troy Fleming,3124
Troy Fumagalli,3125
Troy Hambrick,3126
Troy Niklas,3127
Troy Smith,3128
Troy Walters,3129
Troy Williamson,3130
Troymaine Pope,3131
Trung Canidate,3132
Tua Tagovailoa,3133
Tutu Atwell,3134
Ty Detmer,3135
Ty Hallock,3136
Ty Johnson,3137
Ty Montgomery,3138
Ty'Son Williams,3139
Tylan Wallace,3140
Tyler Boyd,3141
Tyler Bray,3142
Tyler Clutts,3143
Tyler Conklin,3144
Tyler Davis,3145
Tyler Eifert,3146
Tyler Ervin,3147
Tyler Grisham,3148
Tyler Higbee,3149
Tyler Huntley,3150
Tyler Johnson,3151
Tyler Kroft,3152
Tyler Lockett,3153
Tyler Mabry,3154
Tyler Murphy,3155
Tyler Palko,3156
Tyler Thigpen,3157
Tyler Varga,3158
Tyree Jackson,3159
Tyreek Hill,3160
Tyrell Sutton,3161
Tyrell Williams,3162
Tyrie Cleveland,3163
Tyrod Taylor,3164
Tyron Johnson,3165
Tyrone Calico,3166
Tyrone Davis,3167
Tyrone Swoopes,3168
Tyrone Wheatley,3169
Tyson DeVree,3170
Tyson Thompson,3171
Tywan Mitchell,3172
Van Jefferson,3173
Vance McDonald,3174
Ventell Bryant,3175
Vernand Morency,3176
Vernon Davis,3177
Verran Tucker,3178
Verron Haynes,3179
Vick Ballard,3180
Vick King,3181
Victor Bolden,3182
Victor Cruz,3183
Vince Mayle,3184
Vince Young,3185
Vincent Brisby,3186
Vincent Brown,3187
Vincent Jackson,3188
Vinny Sutherland,3189
Vinny Testaverde,3190
Virgil Green,3191
Visanthe Shiancoe,3192
Vonta Leach,3193
Vyncint Smith,3194
Wali Lundy,3195
Wallace Wright,3196
Walt Powell,3197
Walter Rasby,3198
Walter Williams,3199
Walter Young,3200
Wane McGarity,3201
Warren Moon,3202
Warrick Dunn,3203
Wayne Chrebet,3204
Wayne Gallman,3205
Wendall Williams,3206
Wendell Smallwood,3207
Wes Hills,3208
Wes Ours,3209
Wes Saxton,3210
Wes Welker,3211
Wesley Duke,3212
Wesley Walls,3213
Weslye Saunders,3214
Will Blackwell,3215
Will Buchanon,3216
Will Dissly,3217
Will Franklin,3218
Will Fuller,3219
Will Grier,3220
Will Heller,3221
Will Johnson,3222
Will Ta'ufo'ou,3223
Will Tukuafu,3224
Will Tye,3225
Will Yeatman,3226
William Floyd,3227
William Green,3228
William Henderson,3229
William Powell,3230
Willie Jackson,3231
Willie Parker,3232
Willie Ponder,3233
Willie Reid,3234
Willie Snead,3235
Willis McGahee,3236
Windrell Hayes,3237
Winslow Oliver,3238
Woodrow Dantzler,3239
Xavier Grimble,3240
Xavier Jones,3241
Xavier Omon,3242
Yamon Figurs,3243
Yancey Thigpen,3244
Yo Murphy,3245
Zac Alcorn,3246
Zac Stacy,3247
Zach Ertz,3248
Zach Gentry,3249
Zach Line,3250
Zach Mettenberger,3251
Zach Miller,3252
Zach Pascal,3253
Zach Potter,3254
Zach Sudfeld,3255
Zach Wilson,3256
Zach Zenner,3257
Zachary Hilton,3258
Zack Crockett,3259
Zack Moss,3260
Zack Pianalto,3261
Zay Jones,3262
Zeron Flemister,3263
Zuriel Smith,3264
Zurlon Tipton,3265